Homer Simpson,I hope I didn't brain my damage.
Homer Simpson,"All I'm gonna use this bed for is sleeping, eating and maybe building a little fort."
Homer Simpson,"In theory, Communism works! In theory."
Homer Simpson,"Gah, stupid sexy Flanders!"
Homer Simpson,"All I'm gonna use this bed for is sleeping, eating and maybe building a little fort."
Homer Simpson,"For once maybe someone will call me ""sir"" without adding, ""You're making a scene."""
Homer Simpson,I hope I didn't brain my damage.
Homer Simpson,I hope I didn't brain my damage.
Homer Simpson,I hope I didn't brain my damage.
Homer Simpson,"For once maybe someone will call me ""sir"" without adding, ""You're making a scene."""
Homer Simpson,"And this is the snack holder where I can put my beverage or, if you will, cupcake."
Homer Simpson,I hope I didn't brain my damage.
Homer Simpson,Facts are meaningless. You could use facts to prove anything that's even remotely true.
Homer Simpson,"All I'm gonna use this bed for is sleeping, eating and maybe building a little fort."
Homer Simpson,Facts are meaningless. You could use facts to prove anything that's even remotely true.
Homer Simpson,"Gah, stupid sexy Flanders!"
